Employee_Name,Employee_EmailID,Secret_Child_Name,Secret_Child_EmailID
Unknown Name,hamish.murray@acme.com,Unknown Name,piper.stewart@acme.com
Unknown Name,layla.graham@acme.com,Unknown Name,hamish.murray.jr@acme.com
Unknown Name,matthew.king@acme.com,Unknown Name,isabella.scott@acme.com
Unknown Name,benjamin.collins@acme.com,Unknown Name,matthew.king@acme.com
Unknown Name,isabella.scott@acme.com,Unknown Name,ethan.murray@acme.com
Unknown Name,charlie.ross@acme.com,Unknown Name,benjamin.collins@acme.com
Unknown Name,hamish.murray.sr@acme.com,Unknown Name,layla.graham@acme.com
Unknown Name,piper.stewart@acme.com,Unknown Name,charlie.wright@acme.com
Unknown Name,spencer.allen@acme.com,Unknown Name,mark.lawrence@acme.com
Unknown Name,charlie.wright@acme.com,Unknown Name,matthew.king.jr@acme.com
Unknown Name,hamish.murray.jr@acme.com,Unknown Name,hamish.murray.sr@acme.com
Unknown Name,charlie.ross.jr@acme.com,Unknown Name,hamish.murray@acme.com
Unknown Name,ethan.murray@acme.com,Unknown Name,spencer.allen@acme.com
Unknown Name,matthew.king.jr@acme.com,Unknown Name,charlie.ross.jr@acme.com
Unknown Name,mark.lawrence@acme.com,Unknown Name,charlie.ross@acme.com